,Month,MPA_Code,Area,fishing_hours,fishing_hours_per_km2
0,May18,BEMNZ0001,1099.399,830.6194444444457,0.755521375264527
1,May18,BEMNZ0002,63.156000000000006,53.88208333333336,0.8531585808685376
2,May18,BEMNZ0003,81.39699999999999,258.9248611111108,3.181012335971974
3,May18,BEMNZ0004,56.756,0.8031944444444445,0.01415170985348588
4,May18,BG0000573,483.4011,56.90055555555555,0.11770878377305213
5,May18,BG0001001,980.9975999999999,62.09763888888886,0.06330050031609544
6,May18,BG0001501,553.4528,60.46222222222223,0.10924548980910789
7,May18,DE0916391,4521.01,1127.377222222222,0.24936401870870045
8,May18,DE1011401,3135.13,72.8111111111111,0.023224271756230555
9,May18,DE1209301,5314.29,15.07236111111111,0.002836194696019809
10,May18,DE1552401,2004.17,7.749861111111111,0.003866868135493052
11,May18,DE1714391,174.5,13.655833333333334,0.07825692454632283
12,May18,DE2306301,2769.5622,1048.2273611111075,0.37848124917039505
13,May18,DK00AY176,1347.6,91.3140277777777,0.06776048365819064
14,May18,DK00VA171,150.34,0.5381944444444444,0.0035798486393803673
15,May18,DK00VA247,260.92,1.952361111111111,0.0074826042890967
16,May18,DK00VA248,13.8,0.12527777777777774,0.0090780998389694
17,May18,DK00VA249,86.19,0.34541666666666665,0.0040076188266233515
18,May18,DK00VA254,649.22,4.858888888888889,0.007484194708864312
19,May18,DK00VA257,240.83,1.9975,0.008294232446123822
20,May18,DK00VA258,108.92,5.378472222222221,0.04938002407475414
21,May18,DK00VA259,470.59,67.53472222222223,0.14351074655692264
22,May18,DK00VA261,319.1,1.3308333333333333,0.0041705839339809874
23,May18,DK00VA303,207.4,0.5572222222222223,0.0026867030965391624
24,May18,DK00VA348,78.04,1.0556944444444443,0.013527606925223529
25,May18,ES0000020,485.3197,13.711666666666666,0.028252854080859823
26,May18,ES1110005,118.09360000000001,0.6001388888888888,0.005081891727315356
27,May18,ES5110020,264.7292,48.96986111111112,0.18498095831933584
28,May18,ES6110015,263.7544,25.659861111111113,0.09728694994703829
29,May18,ES6120032,236.4216,2.2934722222222224,0.009700772781430386
30,May18,ES6170037,32.4656,8.575,0.26412572076289975
31,May18,ES6200048,1540.8166,30.07777777777778,0.01952067350376273
32,May18,ESZZ12002,3177.2377,61.06847222222221,0.019220618030002037
33,May18,ESZZ12003,3389.6103000000003,291.47986111111135,0.08599214520651867
34,May18,ESZZ16001,937.6608,955.2548611111104,1.0187637801549456
35,May18,ESZZ16002,3353.5359999999996,420.9809722222224,0.12553345848150205
36,May18,ESZZ16003,2829.2454,190.1934722222221,0.06722409877284669
37,May18,ESZZ16004,12.770999999999999,0.32,0.025056769242815757
38,May18,ESZZ16005,108.8796,5.809166666666666,0.05335404122229202
39,May18,FI0100107,110.98,0.1445833333333333,0.001302787289001021
40,May18,FI0200072,569.92,14.83152777777778,0.026023876645455118
41,May18,FR2500077,394.8,389.2916666666669,0.9860477879094907
42,May18,FR2500079,828.36,789.2748611111106,0.9528162406575771
43,May18,FR2500085,153.85,0.2931944444444444,0.0019057162459827392
44,May18,FR2502018,140.53,32.72625000000001,0.23287732156834845
45,May18,FR2502019,130.58,0.6111111111111112,0.00467997481322646
46,May18,FR2502020,455.66,20.066805555555547,0.04403898862212076
47,May18,FR2502021,444.02,149.82527777777784,0.33742911980941814
48,May18,FR3102003,291.56,11.615972222222224,0.039840760811573
49,May18,FR3102004,682.45,509.6916666666668,0.7468556915036512
50,May18,FR5202010,42.08,4.7522222222222235,0.11293303760033802
51,May18,FR5202011,307.14,5.102638888888889,0.016613397437288825
52,May18,FR5202012,494.41,3.448472222222222,0.006974924095835889
53,May18,FR5202013,119.98,0.4652777777777778,0.00387796114167176
54,May18,FR5300009,721.4036,3.912222222222222,0.005423070001622146
55,May18,FR5300010,912.28,13.611944444444447,0.01492079673394621
56,May18,FR5300011,557.9639,5.268055555555556,0.009441570602606291
57,May18,FR5300015,266.17,0.8068055555555554,0.003031166380717419
58,May18,FR5300017,227.14,0.31958333333333333,0.001406988347861818
59,May18,FR5300018,771.1360000000001,7.766250000000001,0.010071180699643124
60,May18,FR5300023,586.3676,287.7577777777776,0.49074638124237696
61,May18,FR5300031,283.3697,409.7788888888889,1.4460928211057458
62,May18,FR5300033,177.69830000000002,2.308611111111111,0.012991745622277256
63,May18,FR5300049,98.59700000000001,24.351666666666667,0.2469818216240521
64,May18,FR5302006,101.9759,1.3116666666666665,0.012862516208895107
65,May18,FR5302007,414.98940000000005,51.49444444444448,0.12408616809114757
66,May18,FR5302008,457.28,1031.9477777777786,2.2567087512635116
67,May18,FR5302015,62320.04,11574.069166666464,0.18571986100564866
68,May18,FR5400469,4560.27,1779.6256944444458,0.39024568598886594
69,May18,FR5402012,97.15,0.5104166666666667,0.005253902899296621
70,May18,FR9101414,61.72,61.980138888888874,1.0042148232159571
71,May18,FR9102012,137.31,23.219166666666666,0.16910033258077828
72,May18,FR9301592,1134.66,23.764861111111106,0.020944477738803785
73,May18,FR9301602,500.15,1.7308333333333332,0.0034606284781232297
74,May18,FR9301999,188.87,38.70680555555551,0.204938876240565
75,May18,FR9402013,1782.65,4.4151388888888885,0.002476727842755947
76,May18,FR9402015,946.12,4.7162500000000005,0.0049848327907665
77,May18,GR1110004,163.2912,8.842777777777776,0.05415342515565919
78,May18,GR1430004,2491.5098000000003,8.856805555555557,0.003554794589030136
79,May18,GR2220003,882.4678,46.96166666666669,0.0532162948797301
80,May18,GR2230004,1355.279,6.3075,0.004654023267533843
81,May18,GR2420014,85.7166,2.763888888888889,0.03224449976887661
82,May18,GR4220033,260.3691,2.406388888888889,0.009242221480540084
83,May18,GR4340024,1636.8622,5.597777777777777,0.0034198222536862156
84,May18,HR3000477,10.783299999999999,10.174027777777777,0.9434985373473592
85,May18,IE0000707,158.0214,0.26805555555555555,0.0016963243937565136
86,May18,IE0000764,169.3271,4.8106944444444455,0.028410658686320416
87,May18,IE0002328,1086.55,13.762777777777778,0.012666492823871684
88,May18,IE0003000,273.1386,2.5106944444444443,0.009192016230750411
89,May18,IT3250047,26.55,110.61472222222216,4.166279556392548
90,May18,IT3250048,6.23,0.6224999999999999,0.09991974317817012
91,May18,IT3330009,23.8,1.642638888888889,0.06901844070961718
92,May18,IT5160002,148.18,3.288333333333334,0.022191478832051113
93,May18,IT5160006,187.53,0.6165277777777778,0.003287622128607571
94,May18,IT5160007,184.03,0.6165277777777778,0.003350148224625212
95,May18,IT5160014,154.83,4.5725,0.029532390363624615
96,May18,IT5160018,87.27,2.634444444444444,0.03018728594527838
97,May18,IT5160020,4.73,2.721388888888889,0.5753464881371858
98,May18,IT51A0024,110.22,12.005416666666665,0.10892230690134881
99,May18,IT6000013,38.47,3.703888888888889,0.09627992952661525
100,May18,IT6040015,221.65,1.7973611111111112,0.008109005689650851
101,May18,ITA010024,542.81,69.70375,0.128412796374422
102,May18,ITA010027,482.91,58.973611111111126,0.12212132925619913
103,May18,ITA030042,279.93,0.6909722222222223,0.0024683750302655033
104,May18,ITA040013,127.29,25.943611111111107,0.20381499812327053
105,May18,ITA040014,40.85,1.770972222222222,0.043353053175574585
106,May18,ITA090028,53.67,10.201388888888891,0.19007618574415672
107,May18,ITB010010,160.05,1.0604166666666666,0.006625533687389357
108,May18,ITB013019,181.64,1.0604166666666666,0.005838012919327607
109,May18,ITB030080,268.99,16.247222222222224,0.06040084100606797
110,May18,LTNER0006,250.41,12.625416666666668,0.05041897954022071
111,May18,LTPAL0002,179.48,1.7734722222222221,0.009881169056286061
112,May18,LTPALB002,319.493,6.194583333333333,0.01938879203404561
113,May18,LV0900200,258.29,4.949444444444444,0.019162354115313963
114,May18,LV0900400,1321.72,382.032777777778,0.2890421403760085
115,May18,MT0000105,155.19379999999998,2.6540277777777774,0.017101377618034857
116,May18,PLC990001,800.5025,1.5827777777777778,0.0019772302744560794
117,May18,SE0330308,10511.113000000001,36.346944444444446,0.003457953924046335
118,May18,SE0420360,1342.408,17.872916666666665,0.013314071926468456
119,May18,SE0430187,1151.276,16.510138888888886,0.01434073053628225
120,May18,SE0510050,80.08,4.5825000000000005,0.05722402597402598
121,May18,SE0510126,178.40200000000002,1.1936111111111112,0.006690570235261438
122,May18,SE0510127,132.923,1.915,0.014406837040993659
123,May18,SE0510186,114.1,2.0120833333333334,0.017634385042360503
124,May18,SE0520170,540.16,6.203333333333333,0.011484251579778832
125,May18,SE0520189,1208.7839999999999,343.9701388888894,0.2845588119042686
126,May18,SE0630262,83.15,2.083611111111111,0.0250584619496225
127,May18,UK0013036,63.2087,0.10875,0.0017204910083580267
128,May18,UK0013116,1380.385,19.120694444444446,0.013851711257688576
129,May18,UK0013694,268.4862,7.55125,0.028125281671832668
130,May18,UK0017075,1077.18,1.7241666666666666,0.0016006300401666077
131,May18,UK0030317,1377.26,0.5766666666666667,0.0004187057394149737
132,May18,UK0030353,475.69379999999995,30.807638888888903,0.06476359138775596
133,May18,UK0030355,1739.95,857.4918055555561,0.4928255441567609
134,May18,UK0030358,3603.41,4.586388888888889,0.0012727912973791184
135,May18,UK0030359,817.27,1.3155555555555554,0.0016096951503854974
136,May18,UK0030363,4365.26,13.951527777777777,0.0031960359240406702
137,May18,UK0030369,1467.59,152.4284722222221,0.10386311723452879
138,May18,UK0030372,312.4673,8.916666666666666,0.028536319373792602
139,May18,UK0030373,340.8958,137.25,0.4026156966439598
140,May18,UK0030374,139.9524,0.5826388888888889,0.004163121810621961
141,May18,UK0030375,302.0363,15.10902777777778,0.05002388049972066
142,May18,UK0030379,8.73,23.224444444444448,2.6603029145984474
143,May18,UK0030380,1373.44,20.754444444444434,0.01511128585482033
144,May18,UK0030384,74.6625,0.6319444444444444,0.008464013988875868
145,May18,UK0030385,965.75,146.11958333333325,0.15130166537233575
146,May18,UK0030386,855.93,1.7638888888888888,0.0020607863831024606
147,Apr18,BEMNZ0001,1099.399,909.115833333335,0.8269207388157849
148,Apr18,BEMNZ0002,63.156000000000006,100.73916666666678,1.5950846580953
149,Apr18,BEMNZ0003,81.39699999999999,220.11013888888877,2.7041554220535007
150,Apr18,BEMNZ0004,56.756,0.8086111111111111,0.014247147633926123
151,Apr18,BG0000573,483.4011,14.17013888888889,0.029313418792156015
152,Apr18,BG0001001,980.9975999999999,68.97680555555554,0.07031291978242918
153,Apr18,BG0001004,167.9459,0.9330555555555555,0.005555691181240837
154,Apr18,BG0001501,553.4528,32.7625,0.05919655659886444
155,Apr18,DE0916391,4521.01,329.5175000000001,0.07288581533772323
156,Apr18,DE1011401,3135.13,161.84277777777768,0.05162234987951941
157,Apr18,DE1209301,5314.29,92.85180555555557,0.01747209985822294
158,Apr18,DE1332301,279.92,0.8152777777777779,0.0029125385030643676
159,Apr18,DE1343301,149.03,0.8734722222222222,0.005861049602242651
160,Apr18,DE1526391,82.38,0.23944444444444446,0.00290658466186507
161,Apr18,DE1552401,2004.17,2.466527777777777,0.0012306978838011631
162,Apr18,DE1631392,618.3,0.20902777777777776,0.0003380685391845023
163,Apr18,DE1714391,174.5,41.7188888888889,0.23907672715695644
164,Apr18,DE1832322,22.24,0.27902777777777776,0.012546213029576338
165,Apr18,DE2104301,625.48,1.9537499999999999,0.0031236010743748797
166,Apr18,DE2306301,2769.5622,1040.8112499999966,0.3758035295253512
167,Apr18,DK00FX010,669.86,0.2611111111111111,0.00038979952693265926
168,Apr18,DK00FX257,185.35,0.1627777777777778,0.0008782183856367834
169,Apr18,DK00VA247,260.92,4.3983333333333325,0.01685701875415197
170,Apr18,DK00VA248,13.8,0.42833333333333334,0.03103864734299517
171,Apr18,DK00VA254,649.22,10.526805555555557,0.01621454292159138
172,Apr18,DK00VA259,470.59,22.004583333333336,0.04675956423496746
173,Apr18,DK00VA261,319.1,3.1202777777777775,0.009778369720394163
174,Apr18,EE0040002,2539.589,2.500277777777778,0.0009845206361256793
175,Apr18,EE0040129,45.08,0.8220833333333333,0.01823609878734102
176,Apr18,EE0060220,24.433000000000003,0.16111111111111112,0.006593996280076581
177,Apr18,ES0000020,485.3197,41.75972222222221,0.08604580078291116
178,Apr18,ES1110005,118.09360000000001,0.3,0.0025403578178665055
179,Apr18,ES5110020,264.7292,50.587638888888904,0.19109202494053887
180,Apr18,ES6110015,263.7544,13.52375,0.051274026139469145
181,Apr18,ES6120032,236.4216,1.9309722222222223,0.008167494942180505
182,Apr18,ES6170037,32.4656,3.7337499999999997,0.11500634517766496
183,Apr18,ES6200048,1540.8166,75.59708333333334,0.04906299901839929
184,Apr18,ESZZ12002,3177.2377,34.86819444444445,0.010974373885984183
185,Apr18,ESZZ12003,3389.6103000000003,550.6637499999999,0.16245635965880795
186,Apr18,ESZZ16001,937.6608,601.9525000000009,0.6419725555339424
187,Apr18,ESZZ16002,3353.5359999999996,205.04902777777764,0.06114412601438531
188,Apr18,ESZZ16003,2829.2454,87.48277777777771,0.030920887165806727
189,Apr18,ESZZ16005,108.8796,12.709027777777777,0.11672551862587462
190,Apr18,FI0100107,110.98,0.3830555555555556,0.003451572855970045
191,Apr18,FI0200072,569.92,6.965694444444445,0.012222231970179052
192,Apr18,FI0200090,497.35,0.0823611111111111,0.00016559990170123874
193,Apr18,FR2500077,394.8,135.79805555555555,0.34396670606776986
194,Apr18,FR2500079,828.36,577.6688888888888,0.6973645382308281
195,Apr18,FR2500085,153.85,0.56125,0.0036480337991550214
196,Apr18,FR2502018,140.53,0.575,0.00409165302782324
197,Apr18,FR2502020,455.66,9.852638888888887,0.02162278648309899
198,Apr18,FR2502021,444.02,112.20972222222214,0.25271321612139575
199,Apr18,FR3102003,291.56,15.92430555555556,0.05461759348180669
200,Apr18,FR3102004,682.45,1108.9587499999998,1.6249670305516883
201,Apr18,FR5202010,42.08,33.61430555555554,0.7988190483734682
202,Apr18,FR5202013,119.98,0.5159722222222223,0.0043004852660628624
203,Apr18,FR5300009,721.4036,1.0669444444444443,0.001478984086639496
204,Apr18,FR5300010,912.28,21.00819444444445,0.023028230855049382
205,Apr18,FR5300011,557.9639,1.10875,0.001987135726881255
206,Apr18,FR5300015,266.17,0.5404166666666667,0.002030344015729296
207,Apr18,FR5300018,771.1360000000001,6.650972222222222,0.008624901732278381
208,Apr18,FR5300023,586.3676,333.1377777777772,0.5681381061603288
209,Apr18,FR5300031,283.3697,153.33236111111117,0.5411035869788166
210,Apr18,FR5300033,177.69830000000002,2.1781944444444443,0.012257823763336194
211,Apr18,FR5300049,98.59700000000001,9.02027777777778,0.09148633100173209
212,Apr18,FR5302007,414.98940000000005,2.995833333333333,0.0072190598924534765
213,Apr18,FR5302008,457.28,578.2722222222224,1.264591108778478
214,Apr18,FR5302015,62320.04,10823.934444444265,0.1736830471296916
215,Apr18,FR5400469,4560.27,1367.3398611111113,0.29983747916485454
216,Apr18,FR5402012,97.15,7.795694444444443,0.0802438954652027
217,Apr18,FR9101414,61.72,21.87708333333333,0.35445695614603584
218,Apr18,FR9102012,137.31,19.55083333333334,0.14238462845629116
219,Apr18,FR9301592,1134.66,25.628333333333337,0.022586795457082594
220,Apr18,FR9301602,500.15,1.1093055555555555,0.002217945727392893
221,Apr18,FR9301999,188.87,33.29819444444445,0.17630218904243367
222,Apr18,FR9402015,946.12,8.605972222222222,0.009096068386908872
223,Apr18,GR1110004,163.2912,0.2584722222222222,0.0015828913145486236
224,Apr18,GR1430004,2491.5098000000003,1.8680555555555556,0.0007497684960161727
225,Apr18,GR2220003,882.4678,111.52708333333341,0.12638090968682755
226,Apr18,GR2230004,1355.279,2.2319444444444443,0.001646852378325381
227,Apr18,GR2550010,1229.3024,0.1388888888888889,0.00011298187401967888
228,Apr18,GR4110001,183.13569999999999,2.3319444444444444,0.012733423600338134
229,Apr18,GR4220033,260.3691,0.47458333333333336,0.0018227329331066296
230,Apr18,GR4340024,1636.8622,0.5625,0.0003436452989139831
231,Apr18,HR3000477,10.783299999999999,6.329861111111111,0.5870059361337542
232,Apr18,IE0000707,158.0214,0.2751388888888889,0.0017411495461303905
233,Apr18,IE0000764,169.3271,6.099722222222222,0.03602330768212662
234,Apr18,IE0002328,1086.55,5.3308333333333335,0.004906201586059853
235,Apr18,IE0003000,273.1386,3.360138888888889,0.012301955450049494
236,Apr18,IE0003001,781.1,3.2001388888888886,0.004096964394941606
237,Apr18,IT3250047,26.55,108.0809722222224,4.070846411383141
238,Apr18,IT3250048,6.23,0.14166666666666666,0.0227394328517924
239,Apr18,IT3330009,23.8,2.5763888888888884,0.10825163398692808
240,Apr18,IT5160002,148.18,6.02,0.04062626535294911
241,Apr18,IT5160006,187.53,1.2058333333333335,0.006430082297943441
242,Apr18,IT5160007,184.03,1.2058333333333335,0.006552373707185423
243,Apr18,IT5160018,87.27,4.044027777777778,0.0463392663891117
244,Apr18,IT5160020,4.73,1.5986111111111112,0.3379727507634484
245,Apr18,IT6000011,21.3,1.3680555555555556,0.06422796035472092
246,Apr18,IT6000013,38.47,3.4333333333333336,0.08924703231955637
247,Apr18,IT6040015,221.65,1.165,0.005256034288292353
248,Apr18,ITA010024,542.81,38.63180555555555,0.07117003289466951
249,Apr18,ITA010027,482.91,25.07111111111111,0.051916736267857595
250,Apr18,ITA030042,279.93,2.722083333333334,0.009724157229783637
251,Apr18,ITA040013,127.29,14.056805555555558,0.11043134225434485
252,Apr18,ITA040014,40.85,0.29597222222222214,0.007245342037263699
253,Apr18,ITA090028,53.67,7.232638888888888,0.13476129847007431
254,Apr18,ITB030080,268.99,1.74875,0.006501171047250827
255,Apr18,LTNER0006,250.41,52.91249999999999,0.2113034623217922
256,Apr18,LTPAL0002,179.48,0.29180555555555554,0.0016258388430775326
257,Apr18,LTPALB002,319.493,0.29180555555555554,0.0009133394332757073
258,Apr18,LV0900200,258.29,0.2598611111111111,0.0010060827407608157
259,Apr18,LV0900400,1321.72,890.649444444444,0.673856372336383
260,Apr18,PLC990001,800.5025,8.216666666666667,0.010264386015867117
261,Apr18,PTZPE0050,164.2796,0.19055555555555556,0.0011599465518272237
262,Apr18,SE0330308,10511.113000000001,10.624583333333334,0.0010107952729014836
263,Apr18,SE0510126,178.40200000000002,2.6616666666666666,0.01491948894444382
264,Apr18,SE0520170,540.16,2.0690277777777775,0.003830397989073196
265,Apr18,SE0520189,1208.7839999999999,196.13083333333316,0.16225465702171205
266,Apr18,SE0630262,83.15,3.81375,0.04586590499098016
267,Apr18,UK0013116,1380.385,11.825277777777778,0.008566651896230239
268,Apr18,UK0013694,268.4862,8.543611111111112,0.031821416188657414
269,Apr18,UK0017072,652.2612,1.3586111111111112,0.0020829249250317377
270,Apr18,UK0030317,1377.26,11.502916666666666,0.008352029875743626
271,Apr18,UK0030353,475.69379999999995,15.362777777777778,0.032295518204731234
272,Apr18,UK0030355,1739.95,267.5391666666664,0.15376256022682627
273,Apr18,UK0030358,3603.41,114.59847222222216,0.03180278464627177
274,Apr18,UK0030364,115.10870000000001,0.6254166666666667,0.005433270175639779
275,Apr18,UK0030369,1467.59,104.57777777777774,0.0712581700459786
276,Apr18,UK0030372,312.4673,19.63888888888889,0.06285102117530023
277,Apr18,UK0030373,340.8958,58.516249999999985,0.17165435889793884
278,Apr18,UK0030374,139.9524,1.8809722222222223,0.013440085502086582
279,Apr18,UK0030375,302.0363,51.024027777777796,0.16893342878911508
280,Apr18,UK0030379,8.73,12.840555555555556,1.470854015527555
281,Apr18,UK0030380,1373.44,36.513055555555596,0.02658511151237447
282,Apr18,UK0030385,965.75,12.258611111111113,0.012693358644691807
283,Apr18,UK0030386,855.93,1.3886111111111108,0.0016223419100990862
284,Mar18,BEMNZ0001,1099.399,976.61458333333,0.8883167833819479
285,Mar18,BEMNZ0002,63.156000000000006,55.22041666666667,0.8743494943737201
286,Mar18,BEMNZ0003,81.39699999999999,310.7206944444439,3.8173482369675042
287,Mar18,BEMNZ0004,56.756,2.519166666666666,0.044385909272441085
288,Mar18,BG0000573,483.4011,3.5413888888888887,0.007325984340724274
289,Mar18,BG0001001,980.9975999999999,195.82819444444445,0.19962148168807392
290,Mar18,BG0001501,553.4528,92.51833333333336,0.16716571554671575
291,Mar18,DE0916391,4521.01,536.4895833333346,0.1186658696471219
292,Mar18,DE1011401,3135.13,481.39277777777795,0.1535479478611024
293,Mar18,DE1209301,5314.29,199.6091666666667,0.037560834404345024
294,Mar18,DE1249301,86.01,24.589583333333334,0.2858921443243034
295,Mar18,DE1332301,279.92,0.20666666666666667,0.000738306182718872
296,Mar18,DE1339301,100.07,0.2519444444444445,0.002517682066997547
297,Mar18,DE1540302,384.16,2.215694444444445,0.005767634434726272
298,Mar18,DE1552401,2004.17,33.894305555555555,0.016911891484033565
299,Mar18,DE1631392,618.3,4.955972222222221,0.008015481517422322
300,Mar18,DE1714391,174.5,64.65388888888889,0.3705093919134034
301,Mar18,DE1749302,398.72,2.8681944444444447,0.007193505328161228
302,Mar18,DE2104301,625.48,2.7165277777777774,0.004343108936780996
303,Mar18,DE2306301,2769.5622,834.691388888887,0.3013802646818645
304,Mar18,DK00FX010,669.86,9.364027777777777,0.01397908186453554
305,Mar18,DK00FX257,185.35,2.6563888888888894,0.014331744747175017
306,Mar18,DK00VA171,150.34,0.5834722222222222,0.003881017841041786
307,Mar18,DK00VA247,260.92,23.901388888888885,0.09160428057982863
308,Mar18,DK00VA248,13.8,1.0052777777777777,0.07284621578099838
309,Mar18,DK00VA249,86.19,3.6765277777777783,0.04265608281445386
310,Mar18,DK00VA254,649.22,1.3759722222222222,0.0021194236502606544
311,Mar18,DK00VA258,108.92,0.6513888888888889,0.005980434161668095
312,Mar18,DK00VA259,470.59,24.48763888888889,0.05203603750374825
313,Mar18,DK00VA261,319.1,1.3875,0.004348166718896897
314,Mar18,EE0040002,2539.589,0.5290277777777777,0.0002083123599046057
315,Mar18,EE0040129,45.08,0.8026388888888889,0.01780476683426994
316,Mar18,EE0040500,147.27700000000002,0.6333333333333333,0.004300286761227709
317,Mar18,EE0060220,24.433000000000003,1.8708333333333331,0.07656993956261339
318,Mar18,ES0000020,485.3197,43.61708333333334,0.08987288859968663
319,Mar18,ES5110020,264.7292,88.61291666666662,0.3347304213765109
320,Mar18,ES6110015,263.7544,8.810833333333333,0.033405445874394264
321,Mar18,ES6120032,236.4216,20.95375,0.08862874627360613
322,Mar18,ES6170037,32.4656,4.621527777777778,0.14235152831852108
323,Mar18,ES6200048,1540.8166,168.68597222222226,0.10947829366728153
324,Mar18,ESZZ12002,3177.2377,63.89222222222222,0.020109361733376834
325,Mar18,ESZZ12003,3389.6103000000003,1079.1899999999994,0.31838173255491914
326,Mar18,ESZZ16001,937.6608,891.9951388888893,0.9512983147945284
327,Mar18,ESZZ16002,3353.5359999999996,279.6368055555555,0.08338565787143944
328,Mar18,ESZZ16003,2829.2454,245.57458333333338,0.08679861539523344
329,Mar18,ESZZ16005,108.8796,2.7419444444444445,0.025183270736156678
330,Mar18,FI0100005,526.3,1.3251388888888889,0.002517839424071611
331,Mar18,FI0100107,110.98,3.6012500000000003,0.032449540457740136
332,Mar18,FI0200072,569.92,3.985138888888889,0.00699245313182357
333,Mar18,FI0200090,497.35,1.7359722222222222,0.0034904437965662454
334,Mar18,FR2500079,828.36,393.8033333333338,0.4754011943277486
335,Mar18,FR2500085,153.85,0.37888888888888883,0.0024627162098725306
336,Mar18,FR2502020,455.66,49.928333333333356,0.10957365872214668
337,Mar18,FR2502021,444.02,45.00638888888891,0.1013611749220506
338,Mar18,FR3102003,291.56,54.821249999999985,0.1880273357113458
339,Mar18,FR3102004,682.45,1901.9431944444516,2.786934126228224
340,Mar18,FR5202010,42.08,12.85513888888889,0.30549284431770174
341,Mar18,FR5300009,721.4036,3.587361111111111,0.004972751884120222
342,Mar18,FR5300010,912.28,24.47430555555555,0.026827624803301125
343,Mar18,FR5300011,557.9639,4.783333333333333,0.00857283658196047
344,Mar18,FR5300015,266.17,1.5476388888888888,0.005814475293567602
345,Mar18,FR5300018,771.1360000000001,9.840972222222222,0.01276165581975452
346,Mar18,FR5300023,586.3676,371.0197222222228,0.6327425359488191
347,Mar18,FR5300031,283.3697,220.5602777777779,0.7783481359431792
348,Mar18,FR5300033,177.69830000000002,1.5486111111111112,0.00871483357528525
349,Mar18,FR5300049,98.59700000000001,4.588333333333334,0.04653623673472148
350,Mar18,FR5302007,414.98940000000005,5.150138888888888,0.012410290211964178
351,Mar18,FR5302008,457.28,508.25902777777776,1.1114831783103958
352,Mar18,FR5302015,62320.04,8085.772916666666,0.1297459519709337
353,Mar18,FR5400469,4560.27,849.2318055555533,0.18622401865581492
354,Mar18,FR5402012,97.15,6.336388888888889,0.06522273689026134
355,Mar18,FR9101414,61.72,28.513472222222234,0.4619810794268022
356,Mar18,FR9102012,137.31,24.22138888888889,0.1763993073256783
357,Mar18,FR9301592,1134.66,31.682916666666657,0.02792282857126069
358,Mar18,FR9301602,500.15,0.9441666666666666,0.0018877670032323636
359,Mar18,FR9301999,188.87,22.040416666666673,0.11669622844637408
360,Mar18,FR9402013,1782.65,2.15125,0.001206770818724932
361,Mar18,FR9402015,946.12,25.04361111111111,0.02646980415920931
362,Mar18,GR1110004,163.2912,7.563888888888889,0.04632147285884903
363,Mar18,GR1430004,2491.5098000000003,1.8944444444444444,0.000760360021238706
364,Mar18,GR2220003,882.4678,86.17513888888887,0.09765244566304727
365,Mar18,GR2230004,1355.279,58.42694444444444,0.04311063953949293
366,Mar18,GR2530007,2365.7115,37.3076388888889,0.015770155781416672
367,Mar18,HR3000477,10.783299999999999,3.1752777777777776,0.29446252796247696
368,Mar18,IE0000707,158.0214,0.14763888888888888,0.0009342968034006082
369,Mar18,IE0000764,169.3271,5.048055555555553,0.02981244913280599
370,Mar18,IE0002172,227.0185,1.5793055555555555,0.006956726238414736
371,Mar18,IE0002328,1086.55,3.706527777777778,0.0034112813747897274
372,Mar18,IE0002330,716.297,243.8979166666667,0.34049830819711197
373,Mar18,IE0003000,273.1386,4.608333333333333,0.01687177620934329
374,Mar18,IT3250047,26.55,117.23541666666672,4.415646578782174
375,Mar18,IT3330009,23.8,1.7019444444444447,0.07151027077497667
376,Mar18,IT5160002,148.18,10.633333333333335,0.0717595716920862
377,Mar18,IT5160006,187.53,0.5266666666666667,0.002808439538562719
378,Mar18,IT5160007,184.03,0.5266666666666667,0.002861852234237172
379,Mar18,IT5160014,154.83,0.7900000000000001,0.005102370341665052
380,Mar18,IT5160018,87.27,4.966527777777777,0.056909909221700215
381,Mar18,IT5160020,4.73,0.32305555555555554,0.06829927178764388
382,Mar18,IT51A0024,110.22,6.340277777777778,0.05752384120647594
383,Mar18,IT6000011,21.3,3.324861111111111,0.15609676577986437
384,Mar18,IT6000013,38.47,2.0569444444444445,0.05346879242122289
385,Mar18,IT6040015,221.65,3.6275,0.016365892172343785
386,Mar18,IT9150006,65.9,0.2709722222222222,0.004111869836452537
387,Mar18,ITA010024,542.81,39.2925,0.07238720731010852
388,Mar18,ITA010027,482.91,10.488333333333333,0.021719022868305342
389,Mar18,ITA030042,279.93,5.278055555555554,0.01885491214073359
390,Mar18,ITA040013,127.29,9.280000000000003,0.07290439154686151
391,Mar18,ITA040014,40.85,2.3237499999999995,0.056884944920440626
392,Mar18,ITA090028,53.67,6.274166666666666,0.11690267685236941
393,Mar18,ITB030080,268.99,17.31611111111111,0.06437455337042682
394,Mar18,LTNER0006,250.41,132.65180555555554,0.529738451162316
395,Mar18,LTPALB002,319.493,10.675138888888888,0.033412747349359416
396,Mar18,LV0900100,367.03,1.2265277777777777,0.0033417643728789956
397,Mar18,LV0900400,1321.72,674.0536111111115,0.5099821528849616
398,Mar18,NL2008002,1540.58,23.794027777777774,0.015444850496421981
399,Mar18,SE0220028,111.045,1.624305555555556,0.01462745333473417
400,Mar18,SE0330308,10511.113000000001,16.39861111111111,0.0015601212841219675
401,Mar18,SE0420360,1342.408,1.8180555555555555,0.0013543241365930147
402,Mar18,SE0430095,423.42199999999997,0.3675,0.0008679284496318094
403,Mar18,SE0430187,1151.276,3.151944444444444,0.0027377835066868797
404,Mar18,SE0510050,80.08,2.3243055555555556,0.02902479464979465
405,Mar18,SE0510126,178.40200000000002,2.0276388888888888,0.011365561422455402
406,Mar18,SE0510127,132.923,5.714166666666666,0.04298854725417472
407,Mar18,SE0520170,540.16,13.016527777777775,0.024097541057793572
408,Mar18,SE0520189,1208.7839999999999,39.17569444444444,0.032409176862404236
409,Mar18,UK0012712,958.5706,14.998333333333335,0.015646560966227564
410,Mar18,UK0013036,63.2087,3.4765277777777777,0.055000779604354746
411,Mar18,UK0013116,1380.385,1.3147222222222221,0.000952431547881368
412,Mar18,UK0013694,268.4862,0.25819444444444445,0.000961667469108075
413,Mar18,UK0017072,652.2612,2.848333333333334,0.004366859983904199
414,Mar18,UK0017075,1077.18,1.2530555555555556,0.0011632740633464745
415,Mar18,UK0030353,475.69379999999995,8.873472222222222,0.018653747898800074
416,Mar18,UK0030358,3603.41,7.582083333333334,0.0021041411699843577
417,Mar18,UK0030359,817.27,19.697777777777777,0.02410192198144772
418,Mar18,UK0030369,1467.59,4.530000000000001,0.003086693149994209
419,Mar18,UK0030372,312.4673,5.432777777777778,0.017386708234038498
420,Mar18,UK0030373,340.8958,65.25625000000001,0.19142579638704849
421,Mar18,UK0030374,139.9524,3.2030555555555553,0.02288674974888287
422,Mar18,UK0030375,302.0363,23.576111111111125,0.07805721070980914
423,Mar18,UK0030379,8.73,6.91652777777778,0.7922712231131478
424,Mar18,UK0030380,1373.44,17.57486111111112,0.012796235082064828
425,Mar18,UK0030384,74.6625,21.783611111111114,0.29176107297654263
426,Mar18,UK0030385,965.75,90.66166666666672,0.09387695228233675
